symbol,name
000001,平安银行
000002,万科A
000063,中兴通讯
000333,美的集团
000538,云南白药
000568,泸州老窖
000625,长安汽车
000651,格力电器
000661,长春高新
000725,京东方A
000858,五粮液
000895,双汇发展
000977,浪潮信息
001979,招商蛇口
002027,分众传媒
002142,宁波银行
002230,科大讯飞
002304,洋河股份
002352,顺丰控股
002371,北方华创
002415,海康威视
002475,立讯精密
002594,比亚迪
002714,牧原股份
002916,深南电路
300014,亿纬锂能
300015,爱尔眼科
300033,同花顺
300059,东方财富
300122,智飞生物
300124,汇川技术
300274,阳光电源
300308,中际旭创
300408,三环集团
300498,温氏股份
300750,宁德时代
300760,迈瑞医疗
600000,浦发银行
600009,上海机场
600016,民生银行
600030,中信证券
600031,三一重工
600036,招商银行
600050,中国联通
600104,上汽集团
600276,恒瑞医药
600309,万华化学
600438,通威股份
600519,贵州茅台
600570,恒生电子
600585,海螺水泥
600690,海尔智家
600809,山西汾酒
600887,伊利股份
601012,隆基绿能
601066,中信建投
601088,中国神华
601166,兴业银行
601225,陕西煤业
601318,中国平安
601398,工商银行
601688,华泰证券
601728,中国电信
601857,中国石油
601888,中国中免
601899,紫金矿业
601919,中远海控
603259,药明康德
603288,海天味业
603501,韦尔股份
688111,金山办公
688981,中芯国际
